entry_id,local_time,timezone,operator,batch_no,approval_code,chunk_text
EVT-12510,2026-03-03 03:13:00,+05:00,Uma,3117,AA,bravo
EVT-12258,2026-03-01 23:04:00,-08:00,Alice,776,ZZ,charlie
EVT-12660,2026-03-02 12:05:00,+02:00,Ema,2048,CB,bravo
EVT-12532,2026-03-02 08:56:00,+02:00,Olivia,2533,AC,mike
EVT-12495,2026-03-01 01:19:00,-11:00,Nina,5080,AA,delta
EVT-12117,2026-03-02 23:40:00,+00:00,Ema,1068,BA,november
EVT-12740,2026-03-01 11:32:00,-11:00,Tomas,3970,AB,oscar
EVT-12404,2026-03-02 13:02:00,+05:00,Uma,4989,BA,november
EVT-12286,2026-03-02 12:28:00,-05:00,Tomas,2133,AA,foxtrot
EVT-12494,2026-03-03 00:51:00,+00:00,Olivia,4809,ZZ,india
EVT-12444,2026-03-02 14:43:00,+01:00,Nina,4523,CB,hotel
EVT-12401,2026-03-02 17:39:00,+02:00,Uma,2297,BA,papa
EVT-12499,2026-03-02 11:50:00,+00:00,Olivia,1934,AA,india
EVT-12135,2026-03-01 16:58:00,+00:00,Olivia,514,AC,alpha
EVT-12119,2026-03-01 10:36:00,-05:00,Ema,758,BA,charlie
EVT-12027,2026-03-02 10:14:00,+08:00,Ema,3032,AB,foxtrot
EVT-12487,2026-03-02 15:11:00,+01:00,Alice,388,ZZ,bravo
EVT-12551,2026-03-02 09:58:00,-03:00,Marek,4878,AB,golf
EVT-12064,2026-03-01 19:40:00,-05:00,Chris,1156,CB,juliet
EVT-12689,2026-03-01 18:53:00,+08:00,Ian,3432,AC,hotel
EVT-12698,2026-03-03 00:32:00,+05:00,Uma,3381,AC,delta
EVT-12571,2026-03-01 20:04:00,-08:00,Tomas,4885,AA,lima
EVT-12708,2026-03-02 02:46:00,+01:00,Brian,5136,BA,delta
EVT-12500,2026-03-02 04:18:00,+00:00,Ema,2865,AB,lima
EVT-12624,2026-03-01 13:21:00,-05:00,Marek,633,AB,alpha
EVT-12268,2026-03-02 15:11:00,+00:00,Uma,1212,CB,lima
EVT-12714,2026-03-02 03:32:00,-11:00,Brian,3085,AA,november
EVT-8002,2026-02-28 23:26:00,-11:00,Ian,714,AB,managed 
EVT-12476,2026-03-01 21:29:00,-03:00,Ian,1660,AC,golf
EVT-12035,2026-03-01 07:45:00,-08:00,Alice,2119,AB,juliet
EVT-12481,2026-03-01 14:52:00,-08:00,Chris,912,BA,papa
EVT-12645,2026-03-02 03:56:00,-05:00,Peter,1388,AB,echo
EVT-12190,2026-03-02 12:15:00,-05:00,Uma,2963,AC,papa
EVT-12711,2026-03-03 09:51:00,+08:00,Brian,2826,BA,oscar
EVT-12683,2026-03-01 22:32:00,+00:00,Ian,1449,ZZ,india
EVT-12326,2026-03-01 20:34:00,+02:00,Alice,595,BA,golf
EVT-12643,2026-03-02 19:57:00,-05:00,Uma,3320,CB,delta
EVT-12208,2026-03-01 07:22:00,-08:00,Peter,1164,AC,kilo
EVT-8024,2026-03-01 17:12:00,+02:00,Uma,868,AB,nice 
EVT-12663,2026-03-02 11:04:00,-05:00,Brian,1014,ZZ,lima
EVT-12355,2026-03-02 18:05:00,+02:00,Peter,4932,BA,alpha
EVT-12594,2026-03-02 05:48:00,+10:00,Peter,4179,AC,mike
EVT-12007,2026-03-01 16:01:00,-08:00,Uma,1499,ZZ,lima
EVT-12016,2026-03-02 08:50:00,+00:00,Nina,4483,BA,mike
EVT-12343,2026-03-02 04:24:00,+01:00,Marek,787,AC,golf
EVT-12477,2026-03-02 04:22:00,+02:00,Uma,3608,ZZ,november
EVT-12096,2026-03-02 05:33:00,-11:00,Olivia,3399,ZZ,bravo
EVT-12626,2026-03-01 20:20:00,+05:00,Uma,2641,AA,bravo
EVT-12369,2026-03-01 16:19:00,-05:00,Ian,4171,CB,delta
EVT-12508,2026-03-01 22:40:00,+05:00,Brian,3500,BA,juliet
EVT-12527,2026-03-02 21:39:00,+00:00,Alice,3453,ZZ,hotel
EVT-8003,2026-03-01 07:39:00,-03:00,Olivia,721,AB,to 
EVT-12471,2026-03-02 14:42:00,-03:00,Marek,4243,BA,juliet
EVT-12412,2026-03-01 14:54:00,+02:00,Ian,2104,AB,bravo
EVT-12280,2026-03-01 20:36:00,+08:00,Alice,5124,AC,november
EVT-12193,2026-03-03 01:15:00,+02:00,Peter,2154,BA,charlie
EVT-12240,2026-03-01 17:14:00,+01:00,Tomas,580,ZZ,hotel
EVT-12277,2026-03-02 18:50:00,+05:00,Olivia,2979,AC,delta
EVT-12414,2026-03-02 03:06:00,+05:00,Chris,2856,BA,alpha
EVT-12604,2026-03-02 23:09:00,+08:00,Ema,1228,AB,delta
EVT-12333,2026-03-02 18:21:00,+10:00,Ian,2514,AC,juliet
EVT-12700,2026-03-01 22:11:00,+02:00,Marek,2925,BA,charlie
EVT-12275,2026-03-01 10:40:00,-08:00,Olivia,4441,AC,papa
EVT-12192,2026-03-02 11:28:00,-05:00,Brian,334,AA,hotel
EVT-12641,2026-03-01 16:24:00,-03:00,Brian,800,AB,lima
EVT-12542,2026-03-02 20:45:00,-03:00,Ian,2207,AB,mike
EVT-12670,2026-03-02 05:16:00,-05:00,Ian,2678,ZZ,oscar
EVT-12189,2026-03-01 23:28:00,-03:00,Brian,4140,BA,lima
EVT-12173,2026-03-01 13:37:00,+00:00,Ian,3160,BA,papa
EVT-12241,2026-03-02 09:51:00,-11:00,Peter,3467,ZZ,delta
EVT-12531,2026-03-01 16:15:00,-11:00,Alice,1331,AA,india
EVT-12005,2026-03-01 19:27:00,+08:00,Marek,2761,ZZ,lima
EVT-12000,2026-03-02 20:40:00,+05:00,Chris,4692,CB,oscar
EVT-12457,2026-03-03 09:03:00,+08:00,Tomas,1127,BA,lima
EVT-12144,2026-03-03 01:49:00,+10:00,Nina,1301,AB,golf
EVT-12142,2026-03-02 11:06:00,-11:00,Ema,3695,CB,hotel
EVT-12671,2026-03-01 18:38:00,+08:00,Alice,2147,ZZ,golf
EVT-12130,2026-03-01 04:01:00,-08:00,Tomas,5114,ZZ,foxtrot
EVT-12133,2026-03-01 23:49:00,-08:00,Marek,5082,AB,echo
EVT-12091,2026-03-02 13:17:00,-05:00,Chris,1668,AA,alpha
EVT-12575,2026-03-01 09:15:00,-08:00,Ian,4481,AB,echo
EVT-12693,2026-03-01 18:05:00,+00:00,Chris,2891,ZZ,foxtrot
EVT-12570,2026-03-01 23:11:00,+10:00,Brian,1070,AC,papa
EVT-12439,2026-03-01 19:59:00,+00:00,Nina,3849,AA,charlie
EVT-12338,2026-03-02 10:23:00,-05:00,Marek,2693,BA,lima
EVT-12754,2026-03-02 08:04:00,-05:00,Nina,4848,AC,delta
EVT-12607,2026-03-02 07:37:00,-03:00,Uma,4384,BA,delta
EVT-8027,2026-03-01 16:51:00,+01:00,Ian,889,AB,real 
EVT-12384,2026-03-01 16:22:00,+00:00,Marek,4127,CB,hotel
EVT-12655,2026-03-02 19:11:00,+00:00,Uma,1138,ZZ,golf
EVT-12460,2026-03-01 09:40:00,-03:00,Olivia,3371,CB,papa
EVT-12644,2026-03-01 19:16:00,+00:00,Peter,2863,CB,alpha
EVT-12554,2026-03-01 20:24:00,-11:00,Nina,1398,ZZ,juliet
EVT-12233,2026-03-01 11:48:00,-03:00,Ema,4575,AB,november
EVT-12550,2026-03-01 16:37:00,-05:00,Brian,3695,AB,november
EVT-12344,2026-03-01 21:07:00,-08:00,Ian,3970,ZZ,bravo
EVT-12081,2026-03-02 04:07:00,-11:00,Marek,1503,AB,bravo
EVT-12153,2026-03-01 22:55:00,-03:00,Peter,1394,ZZ,oscar
EVT-12278,2026-03-01 07:57:00,-08:00,Alice,2851,ZZ,bravo
EVT-12755,2026-03-03 07:15:00,+10:00,Alice,1327,AC,delta
EVT-12306,2026-03-02 22:19:00,+01:00,Nina,3226,AA,india
EVT-12200,2026-03-02 09:37:00,+10:00,Olivia,2847,AC,juliet
EVT-12534,2026-03-02 14:19:00,+05:00,Ian,3061,AC,lima
EVT-12741,2026-03-01 14:38:00,+02:00,Olivia,3057,AB,india
EVT-12535,2026-03-02 22:29:00,+08:00,Uma,3051,BA,bravo
EVT-12337,2026-03-02 14:49:00,+08:00,Ian,2555,CB,golf
EVT-12090,2026-03-02 07:19:00,+00:00,Tomas,2959,AA,golf
EVT-12138,2026-03-01 21:25:00,+02:00,Ema,552,BA,lima
EVT-12050,2026-03-02 04:19:00,+08:00,Nina,1266,AC,bravo
EVT-12063,2026-03-01 12:11:00,-03:00,Tomas,3709,AB,india
EVT-12543,2026-03-02 20:46:00,+08:00,Uma,1660,BA,papa
EVT-12619,2026-03-01 09:48:00,-05:00,Ema,376,CB,hotel
EVT-12458,2026-03-02 13:39:00,-03:00,Olivia,1069,AC,papa
EVT-12720,2026-03-02 02:59:00,-03:00,Olivia,4968,AC,juliet
EVT-12014,2026-03-02 05:13:00,-03:00,Brian,1701,ZZ,charlie
EVT-12397,2026-03-01 01:13:00,-11:00,Nina,2919,ZZ,foxtrot
EVT-12296,2026-03-02 07:48:00,+10:00,Ema,3403,AB,juliet
EVT-12634,2026-03-01 22:58:00,+02:00,Nina,3404,AB,india
EVT-12507,2026-03-02 03:29:00,-03:00,Chris,2615,BA,oscar
EVT-12075,2026-03-02 08:30:00,-08:00,Olivia,4780,AA,oscar
EVT-12183,2026-03-01 12:24:00,-05:00,Brian,2415,AB,foxtrot
EVT-12659,2026-03-03 10:08:00,+10:00,Uma,5157,ZZ,charlie
EVT-12578,2026-03-02 14:18:00,-05:00,Chris,2820,AB,papa
EVT-8010,2026-03-01 12:10:00,+00:00,Alice,770,AB,is 
EVT-12179,2026-03-03 00:39:00,+02:00,Peter,4020,AC,bravo
EVT-12692,2026-03-03 11:09:00,+10:00,Ian,2952,AB,foxtrot
EVT-12046,2026-03-03 02:53:00,+08:00,Tomas,363,BA,delta
EVT-12346,2026-03-02 17:31:00,-03:00,Tomas,3497,AB,echo
EVT-12170,2026-03-02 14:47:00,+08:00,Marek,4867,BA,oscar
EVT-12467,2026-03-02 11:20:00,+08:00,Peter,951,AA,echo
EVT-8019,2026-03-01 06:07:00,-08:00,Uma,833,AB,If 
EVT-12445,2026-03-02 04:14:00,+05:00,Brian,1099,CB,november
EVT-12254,2026-03-01 23:47:00,+05:00,Ian,3911,ZZ,november
EVT-12517,2026-03-01 09:26:00,-11:00,Peter,1391,ZZ,hotel
EVT-12502,2026-03-01 15:12:00,-11:00,Tomas,801,ZZ,alpha
EVT-8005,2026-03-01 21:05:00,+10:00,Alice,735,AB,this 
EVT-12008,2026-03-02 16:12:00,+01:00,Uma,3780,AA,delta
EVT-12519,2026-03-02 04:22:00,-08:00,Marek,2240,CB,lima
EVT-12003,2026-03-02 20:46:00,+00:00,Nina,2569,BA,charlie
EVT-12647,2026-03-02 13:16:00,-03:00,Ema,948,BA,alpha
EVT-12646,2026-03-02 03:36:00,-08:00,Ian,4571,AC,golf
EVT-12729,2026-03-01 21:38:00,-08:00,Olivia,4775,BA,hotel
EVT-12334,2026-03-03 04:42:00,+05:00,Chris,2791,AA,foxtrot
EVT-12547,2026-03-02 07:44:00,-11:00,Tomas,2580,ZZ,lima
EVT-12095,2026-03-02 14:41:00,-11:00,Peter,2507,ZZ,bravo
EVT-12748,2026-03-01 06:10:00,-05:00,Olivia,1008,CB,november
EVT-12120,2026-03-02 19:11:00,+01:00,Alice,2899,CB,lima
EVT-12040,2026-03-01 09:32:00,-03:00,Peter,1581,AB,november
EVT-12311,2026-03-03 02:06:00,+08:00,Ian,1069,CB,bravo
EVT-12111,2026-03-02 06:00:00,-08:00,Ian,4873,AB,delta
EVT-12285,2026-03-03 08:04:00,+08:00,Brian,2541,AA,foxtrot
EVT-12552,2026-03-01 18:05:00,+02:00,Tomas,2892,AA,juliet
EVT-12717,2026-03-02 12:06:00,+05:00,Alice,1012,ZZ,papa
EVT-12518,2026-03-02 01:36:00,+02:00,Alice,4751,AC,november
EVT-12478,2026-03-02 18:55:00,+00:00,Chris,3248,ZZ,delta
EVT-12579,2026-03-02 01:30:00,-05:00,Marek,3632,BA,alpha
EVT-8034,2026-03-01 19:22:00,+02:00,Uma,938,AB,your 
EVT-12243,2026-03-01 17:49:00,+00:00,Ian,2599,AA,foxtrot
EVT-12730,2026-03-02 09:16:00,-03:00,Ema,1386,AC,bravo
EVT-12396,2026-03-02 12:10:00,+02:00,Uma,3522,BA,juliet
EVT-12548,2026-03-02 07:19:00,-03:00,Olivia,3735,AC,lima
EVT-12682,2026-03-02 12:51:00,+08:00,Ian,499,AC,charlie
EVT-8020,2026-03-01 14:20:00,+00:00,Alice,840,AB,you 
EVT-12097,2026-03-01 02:15:00,-11:00,Nina,4125,AC,delta
EVT-12317,2026-03-02 02:23:00,+01:00,Olivia,1085,AA,oscar
EVT-12394,2026-03-02 03:19:00,+08:00,Brian,1812,CB,foxtrot
EVT-12340,2026-03-02 22:17:00,-03:00,Alice,941,AC,oscar
EVT-12084,2026-03-01 21:03:00,+01:00,Brian,3466,CB,november
EVT-12603,2026-03-03 01:00:00,+01:00,Chris,1738,AA,lima
EVT-12168,2026-03-03 05:56:00,+08:00,Uma,3404,BA,bravo
EVT-12332,2026-03-02 06:56:00,-05:00,Ian,4834,AC,hotel
EVT-12409,2026-03-01 23:51:00,+00:00,Marek,2240,AC,juliet
EVT-12325,2026-03-01 19:36:00,+08:00,Olivia,3084,BA,foxtrot
EVT-12707,2026-03-02 15:09:00,+00:00,Brian,2202,CB,charlie
EVT-12685,2026-03-01 06:38:00,-05:00,Ema,742,ZZ,echo
EVT-12665,2026-03-02 01:35:00,-05:00,Peter,1188,AB,oscar
EVT-12166,2026-03-02 15:44:00,+01:00,Alice,1653,AB,oscar
EVT-8017,2026-03-01 14:41:00,+01:00,Ian,819,AB,too 
EVT-12464,2026-03-02 05:40:00,-11:00,Olivia,452,AA,lima
EVT-12048,2026-03-02 07:19:00,+01:00,Olivia,3203,AC,india
EVT-12684,2026-03-01 06:35:00,-11:00,Ema,1664,AA,juliet
EVT-12212,2026-03-02 09:51:00,+01:00,Chris,4024,CB,india
EVT-12023,2026-03-02 00:39:00,+10:00,Ian,1457,CB,golf
EVT-12470,2026-03-02 12:27:00,+10:00,Nina,4592,AB,kilo
EVT-12553,2026-03-01 22:18:00,+10:00,Peter,2073,AB,mike
EVT-12522,2026-03-03 05:06:00,+10:00,Olivia,1870,AB,november
EVT-12359,2026-03-01 21:08:00,-03:00,Tomas,3294,CB,lima
EVT-12724,2026-03-01 20:06:00,+05:00,Chris,1883,ZZ,india
EVT-12203,2026-03-01 14:13:00,+02:00,Peter,1645,AA,hotel
EVT-12433,2026-03-01 23:11:00,+01:00,Olivia,2475,ZZ,november
EVT-12086,2026-03-01 20:39:00,+08:00,Ian,3084,CB,foxtrot
EVT-12615,2026-03-01 17:30:00,+01:00,Tomas,675,ZZ,alpha
EVT-8028,2026-03-02 00:04:00,+08:00,Olivia,896,AB,flag 
EVT-12390,2026-03-02 12:17:00,-05:00,Tomas,2869,AC,delta
EVT-8022,2026-03-01 03:46:00,-11:00,Ian,854,AB,going 
EVT-12270,2026-03-02 22:14:00,+08:00,Ema,3887,ZZ,india
EVT-12454,2026-03-02 06:59:00,-03:00,Olivia,2431,ZZ,oscar
EVT-12336,2026-03-01 11:29:00,-08:00,Ema,4857,CB,bravo
EVT-12274,2026-03-01 12:23:00,+00:00,Olivia,2346,AB,papa
EVT-12257,2026-03-02 05:57:00,+00:00,Alice,1917,AB,golf
EVT-12134,2026-03-02 18:37:00,+02:00,Uma,3037,AC,oscar
EVT-12392,2026-03-02 12:49:00,-11:00,Tomas,4745,ZZ,echo
EVT-12702,2026-03-02 16:25:00,+08:00,Nina,3725,BA,november
EVT-12276,2026-03-02 14:31:00,+08:00,Ian,3860,ZZ,november
EVT-12227,2026-03-02 23:56:00,+05:00,Tomas,3500,AB,oscar
EVT-12462,2026-03-02 18:27:00,+05:00,Marek,4099,AC,hotel
EVT-12538,2026-03-02 05:04:00,+00:00,Tomas,2877,AB,echo
EVT-12371,2026-03-02 03:51:00,+01:00,Uma,1841,ZZ,india
EVT-12098,2026-03-02 02:43:00,-03:00,Nina,4404,CB,echo
EVT-12750,2026-03-01 22:25:00,-08:00,Nina,3930,BA,oscar
EVT-12019,2026-03-02 14:53:00,+05:00,Ema,2715,AC,mike
EVT-12631,2026-03-03 05:57:00,+10:00,Uma,2791,ZZ,india
EVT-12210,2026-03-02 04:11:00,+00:00,Ema,4113,AB,foxtrot
EVT-12232,2026-03-03 00:28:00,+00:00,Olivia,4062,AB,hotel
EVT-12022,2026-03-02 02:37:00,+02:00,Nina,2622,ZZ,juliet
EVT-12328,2026-03-02 05:43:00,+02:00,Chris,3889,AA,juliet
EVT-12350,2026-03-01 11:54:00,-11:00,Brian,840,ZZ,oscar
EVT-12269,2026-03-02 00:24:00,+02:00,Olivia,4002,ZZ,mike
EVT-12512,2026-03-02 00:39:00,-05:00,Brian,3825,AA,lima
EVT-12597,2026-03-03 06:54:00,+05:00,Nina,3014,BA,november
EVT-12488,2026-03-02 06:45:00,+02:00,Marek,5191,BA,mike
EVT-12373,2026-03-03 02:01:00,+10:00,Ian,944,AC,lima
EVT-12331,2026-03-01 09:41:00,-11:00,Nina,1170,AB,kilo
EVT-12463,2026-03-02 08:12:00,-03:00,Ema,4451,AA,foxtrot
EVT-12042,2026-03-03 02:52:00,+10:00,Alice,2336,AA,echo
EVT-12432,2026-03-02 00:38:00,-08:00,Marek,4284,BA,juliet
EVT-12214,2026-03-01 19:29:00,-03:00,Marek,1816,BA,echo
EVT-12309,2026-03-02 08:40:00,+10:00,Brian,1498,CB,delta
EVT-12174,2026-03-02 13:43:00,+10:00,Uma,4680,AC,mike
EVT-8023,2026-03-01 11:59:00,-03:00,Olivia,861,AB,"anyway, "
EVT-12727,2026-03-02 09:34:00,+05:00,Tomas,1367,AB,papa
EVT-12105,2026-03-02 06:19:00,+00:00,Ema,2796,CB,echo
EVT-12479,2026-03-02 23:29:00,+10:00,Nina,1405,AA,papa
EVT-12758,2026-03-02 09:11:00,-08:00,Ian,453,AC,bravo
EVT-12525,2026-03-02 00:32:00,+10:00,Nina,729,AC,mike
EVT-12196,2026-03-01 10:50:00,+00:00,Alice,5038,BA,foxtrot
EVT-12024,2026-03-02 02:44:00,+05:00,Chris,614,AA,lima
EVT-12598,2026-03-02 01:15:00,-11:00,Brian,1681,CB,foxtrot
EVT-12422,2026-03-02 10:04:00,+08:00,Nina,4560,CB,lima
EVT-12123,2026-03-02 00:27:00,+10:00,Tomas,2109,BA,papa
EVT-12675,2026-03-02 09:03:00,+01:00,Peter,3650,AA,mike
EVT-12686,2026-03-01 21:38:00,+02:00,Alice,2211,CB,lima
EVT-12434,2026-03-02 16:30:00,+02:00,Brian,313,ZZ,kilo
EVT-12283,2026-03-01 20:19:00,-08:00,Alice,5074,AA,juliet
EVT-12368,2026-03-02 23:22:00,+02:00,Tomas,1509,AC,hotel
EVT-12658,2026-03-01 19:57:00,-08:00,Ian,4360,CB,bravo
EVT-12194,2026-03-01 12:55:00,-11:00,Ian,2514,CB,foxtrot
EVT-12248,2026-03-02 04:14:00,+01:00,Nina,3452,CB,papa
EVT-12528,2026-03-01 15:03:00,+05:00,Tomas,4871,BA,november
EVT-12149,2026-03-02 05:58:00,+05:00,Tomas,4540,AB,golf
EVT-12402,2026-03-02 06:16:00,+01:00,Alice,2951,BA,oscar
EVT-12102,2026-03-02 16:50:00,-08:00,Tomas,3404,BA,november
EVT-12668,2026-03-02 15:44:00,-03:00,Brian,1607,AA,alpha
EVT-12255,2026-03-02 00:23:00,+02:00,Nina,1230,ZZ,bravo
EVT-12236,2026-03-02 12:21:00,-08:00,Tomas,2488,BA,mike
EVT-12070,2026-03-02 14:04:00,-11:00,Uma,3629,ZZ,lima
EVT-12349,2026-03-01 19:55:00,-05:00,Ian,4197,ZZ,oscar
EVT-12304,2026-03-03 09:40:00,+10:00,Uma,2617,CB,alpha
EVT-12648,2026-03-03 03:46:00,+10:00,Tomas,4928,BA,juliet
EVT-12053,2026-03-01 13:58:00,-03:00,Chris,792,AA,bravo
EVT-12601,2026-03-02 00:40:00,-05:00,Alice,4168,AA,echo
EVT-12587,2026-03-02 00:35:00,+05:00,Ema,2356,AC,charlie
EVT-12289,2026-03-02 19:20:00,+05:00,Uma,1921,AB,hotel
EVT-12418,2026-03-01 20:48:00,+00:00,Brian,2663,ZZ,foxtrot
EVT-12695,2026-03-02 15:32:00,+10:00,Ema,3881,AC,delta
EVT-12704,2026-03-02 17:41:00,+01:00,Olivia,1715,ZZ,charlie
EVT-12041,2026-03-02 03:50:00,-11:00,Olivia,3415,AB,echo
EVT-12483,2026-03-01 14:49:00,+02:00,Chris,4999,ZZ,alpha
EVT-12122,2026-03-01 14:32:00,+00:00,Ian,4178,ZZ,charlie
EVT-12747,2026-03-01 17:46:00,-08:00,Brian,4469,ZZ,golf
EVT-12616,2026-03-01 15:01:00,+05:00,Marek,3057,BA,bravo
EVT-12252,2026-03-01 09:34:00,-08:00,Tomas,1345,ZZ,india
EVT-12496,2026-03-01 06:08:00,-11:00,Brian,1858,ZZ,hotel
EVT-8032,2026-03-01 05:56:00,-11:00,Ian,924,AB,luck 
EVT-12313,2026-03-01 15:16:00,+02:00,Olivia,4085,BA,oscar
EVT-12583,2026-03-01 12:27:00,-08:00,Uma,2872,BA,alpha
EVT-12266,2026-03-02 11:14:00,-11:00,Peter,3142,ZZ,kilo
EVT-12069,2026-03-02 09:21:00,+05:00,Uma,656,AA,bravo
EVT-8000,2026-03-01 10:00:00,+00:00,Alice,700,AB,Glad 
EVT-12482,2026-03-02 15:13:00,+05:00,Peter,3959,ZZ,golf
EVT-12128,2026-03-02 09:23:00,+00:00,Chris,4889,CB,charlie
EVT-12201,2026-03-02 07:13:00,+01:00,Chris,4017,AB,mike
EVT-12420,2026-03-01 13:58:00,+00:00,Tomas,3698,CB,november
EVT-12757,2026-03-02 05:40:00,+05:00,Marek,4511,AA,mike
EVT-12722,2026-03-02 11:26:00,-08:00,Uma,2552,BA,juliet
EVT-12330,2026-03-02 01:33:00,+02:00,Uma,1573,AC,juliet
EVT-12516,2026-03-02 09:04:00,+02:00,Brian,3221,BA,alpha
EVT-12234,2026-03-02 13:28:00,-03:00,Ema,3915,BA,papa
EVT-12691,2026-03-01 18:20:00,+08:00,Tomas,4922,AB,mike
EVT-12031,2026-03-02 17:39:00,-03:00,Nina,1031,AC,foxtrot
EVT-12657,2026-03-02 07:06:00,+00:00,Chris,1172,BA,bravo
EVT-12733,2026-03-01 09:26:00,-03:00,Ian,4357,CB,alpha
EVT-12207,2026-03-02 09:06:00,+02:00,Ema,1659,CB,papa
EVT-12523,2026-03-02 13:54:00,+00:00,Tomas,2047,CB,lima
EVT-12592,2026-03-03 06:14:00,+08:00,Ema,1084,CB,kilo
EVT-12264,2026-03-02 11:02:00,-05:00,Marek,4235,CB,charlie
EVT-12726,2026-03-01 20:47:00,+01:00,Ian,4859,AC,alpha
EVT-12486,2026-03-02 11:15:00,-08:00,Brian,1847,CB,juliet
EVT-12245,2026-03-02 04:39:00,+02:00,Chris,2402,AC,alpha
EVT-12679,2026-03-01 23:08:00,+01:00,Tomas,2218,ZZ,oscar
EVT-12568,2026-03-02 12:14:00,+01:00,Olivia,788,AB,echo
EVT-8030,2026-03-01 16:30:00,+00:00,Alice,910,AB,FLAG{monitor}. 
EVT-12223,2026-03-01 05:19:00,-11:00,Uma,625,BA,echo
EVT-12094,2026-03-01 07:20:00,-08:00,Peter,4904,AA,golf
EVT-12677,2026-03-02 15:25:00,+05:00,Olivia,687,AC,lima
EVT-12719,2026-03-02 04:48:00,+01:00,Ian,3973,AB,bravo
EVT-12618,2026-03-01 23:00:00,-03:00,Chris,4088,BA,papa
EVT-12321,2026-03-02 08:46:00,+02:00,Peter,1170,AB,golf
EVT-12107,2026-03-02 04:30:00,+01:00,Marek,4202,BA,oscar
EVT-12567,2026-03-02 09:20:00,+01:00,Chris,910,AB,papa
EVT-12667,2026-03-02 04:48:00,-11:00,Marek,4746,AA,lima
EVT-12596,2026-03-02 13:59:00,+01:00,Peter,4850,BA,delta
EVT-12639,2026-03-03 02:55:00,+08:00,Tomas,963,AC,alpha
EVT-12465,2026-03-02 17:24:00,+02:00,Alice,403,CB,lima
EVT-12751,2026-03-03 06:57:00,+05:00,Brian,4205,AA,november
EVT-12436,2026-03-02 19:15:00,+10:00,Ian,375,AB,oscar
EVT-12721,2026-03-02 06:22:00,-03:00,Ian,4281,CB,papa
EVT-12308,2026-03-01 22:20:00,-08:00,Brian,3049,AA,bravo
EVT-12085,2026-02-28 23:33:00,-11:00,Alice,3476,AB,hotel
EVT-12505,2026-03-01 05:18:00,-08:00,Marek,935,AC,echo
EVT-12209,2026-03-02 01:24:00,-11:00,Marek,3705,AA,india
EVT-12127,2026-03-03 00:47:00,+01:00,Marek,5098,CB,november
EVT-12261,2026-03-03 01:45:00,+10:00,Alice,1519,AA,lima
EVT-12215,2026-03-02 03:50:00,-03:00,Ema,2595,CB,foxtrot
EVT-12545,2026-03-02 06:44:00,+00:00,Olivia,1365,BA,kilo
EVT-12564,2026-03-01 18:39:00,+00:00,Peter,1621,AC,mike
EVT-12503,2026-03-01 01:36:00,-11:00,Olivia,847,AC,papa
EVT-12273,2026-03-01 13:31:00,-03:00,Ema,4757,ZZ,bravo
EVT-12191,2026-03-02 19:19:00,+08:00,Chris,3048,AC,lima
EVT-12061,2026-03-01 22:58:00,-08:00,Brian,4767,AC,alpha
EVT-12146,2026-03-02 03:01:00,+01:00,Chris,1728,AB,juliet
EVT-12044,2026-03-01 20:46:00,+10:00,Alice,457,CB,mike
EVT-12139,2026-03-02 01:47:00,+01:00,Tomas,3270,AB,charlie
EVT-12514,2026-03-02 20:02:00,+08:00,Uma,3978,ZZ,papa
EVT-12345,2026-03-02 01:08:00,+00:00,Tomas,1849,CB,juliet
EVT-12100,2026-03-01 14:55:00,+02:00,Olivia,1473,AA,golf
EVT-12161,2026-03-01 18:54:00,+00:00,Marek,5019,AA,india
EVT-12072,2026-03-01 20:01:00,+00:00,Ema,2986,AC,alpha
EVT-12109,2026-03-02 14:19:00,-05:00,Tomas,1231,AC,kilo
EVT-12364,2026-03-01 05:53:00,-11:00,Uma,4384,AB,november
EVT-12620,2026-03-02 08:00:00,-08:00,Ema,3916,AA,hotel
EVT-12074,2026-03-02 00:52:00,-03:00,Tomas,3234,AB,alpha
EVT-12112,2026-03-02 12:23:00,-05:00,Chris,1797,BA,november
EVT-12746,2026-03-03 04:11:00,+05:00,Brian,1271,AA,bravo
EVT-12625,2026-03-02 08:12:00,+05:00,Peter,420,ZZ,india
EVT-12540,2026-03-01 18:58:00,+05:00,Ian,1694,CB,bravo
EVT-12565,2026-03-01 17:57:00,-08:00,Uma,884,AA,papa
EVT-12649,2026-03-01 15:04:00,-05:00,Marek,1070,BA,echo
EVT-12484,2026-03-01 21:48:00,-11:00,Olivia,685,ZZ,lima
EVT-12456,2026-03-02 10:57:00,-08:00,Chris,3993,BA,india
EVT-12628,2026-03-02 00:18:00,+08:00,Chris,2154,AC,juliet
EVT-12156,2026-03-02 10:26:00,+01:00,Peter,1998,ZZ,foxtrot
EVT-12469,2026-03-03 02:20:00,+05:00,Chris,3943,CB,oscar
EVT-12013,2026-03-02 08:55:00,+02:00,Peter,4950,AC,echo
EVT-12737,2026-03-01 09:44:00,-11:00,Ema,578,AC,november
EVT-12093,2026-03-01 16:00:00,-08:00,Olivia,3514,CB,alpha
EVT-12672,2026-03-03 00:50:00,+08:00,Nina,799,AA,november
EVT-12687,2026-03-01 16:09:00,-11:00,Ema,2358,BA,bravo
EVT-12076,2026-03-02 17:27:00,-05:00,Nina,1796,AC,foxtrot
EVT-12047,2026-03-02 09:47:00,+05:00,Uma,2573,CB,juliet
EVT-12113,2026-03-02 14:44:00,+10:00,Tomas,1081,BA,kilo
EVT-12220,2026-03-02 13:13:00,+02:00,Nina,3232,ZZ,juliet
EVT-12661,2026-03-02 09:34:00,+01:00,Nina,1090,CB,juliet
EVT-12185,2026-03-02 01:38:00,-03:00,Tomas,998,CB,charlie
EVT-12697,2026-03-02 17:50:00,-03:00,Nina,1797,BA,bravo
EVT-12124,2026-03-01 15:38:00,-03:00,Ian,4728,AA,alpha
EVT-12300,2026-03-01 23:26:00,-05:00,Brian,3150,ZZ,november
EVT-12440,2026-03-01 22:32:00,+00:00,Uma,3880,CB,alpha
EVT-12154,2026-03-02 09:25:00,-03:00,Alice,3118,AB,delta
EVT-12450,2026-03-02 00:34:00,-08:00,Uma,3704,ZZ,lima
EVT-8015,2026-03-01 23:15:00,+10:00,Alice,805,AB,would 
EVT-12082,2026-03-02 05:20:00,+08:00,Peter,3964,AA,mike
EVT-12584,2026-03-01 19:29:00,-03:00,Ian,5085,AC,oscar
EVT-12218,2026-03-01 16:33:00,-05:00,Olivia,5143,AB,charlie
EVT-12632,2026-03-02 03:25:00,+10:00,Ian,2275,BA,hotel
EVT-12428,2026-03-01 21:44:00,-05:00,Ema,1005,AB,hotel
EVT-12263,2026-03-02 21:33:00,+00:00,Uma,4770,ZZ,mike
EVT-12513,2026-03-02 01:10:00,+08:00,Alice,4705,ZZ,lima
EVT-12546,2026-03-01 13:13:00,-11:00,Marek,3896,AA,charlie
EVT-12198,2026-03-03 06:41:00,+10:00,Tomas,3468,AA,delta
EVT-12399,2026-03-01 15:53:00,-11:00,Marek,840,AC,echo
EVT-12231,2026-03-02 13:23:00,+10:00,Nina,2883,BA,bravo
EVT-12732,2026-03-01 09:49:00,-11:00,Alice,2431,AB,november
EVT-12290,2026-03-02 20:48:00,+02:00,Olivia,4876,BA,november
EVT-12678,2026-03-02 12:17:00,-11:00,Alice,1744,AB,lima
EVT-12391,2026-03-03 03:45:00,+08:00,Ema,3018,AB,alpha
EVT-12288,2026-03-02 03:15:00,+10:00,Alice,3972,ZZ,juliet
EVT-12316,2026-03-01 16:52:00,-03:00,Olivia,840,AC,kilo
EVT-12066,2026-03-01 16:42:00,+02:00,Alice,3106,AB,kilo
EVT-12171,2026-03-02 12:02:00,+10:00,Nina,4808,AB,november
EVT-12588,2026-03-03 00:43:00,+00:00,Ema,2410,ZZ,bravo
EVT-12383,2026-03-01 07:30:00,-08:00,Alice,867,ZZ,kilo
EVT-12490,2026-03-02 08:24:00,+05:00,Chris,4666,AC,delta
EVT-12652,2026-03-01 10:57:00,-05:00,Nina,2250,AA,alpha
EVT-12417,2026-03-02 01:11:00,+05:00,Chris,746,CB,papa
EVT-12375,2026-03-02 08:33:00,+08:00,Nina,4132,AA,juliet
EVT-12307,2026-03-01 18:02:00,+00:00,Peter,4265,CB,golf
EVT-12202,2026-03-02 09:57:00,-05:00,Ian,2907,AC,papa
EVT-12141,2026-03-02 06:38:00,+05:00,Chris,3415,ZZ,echo
EVT-12314,2026-03-02 15:51:00,-05:00,Ian,2488,AC,golf
EVT-12010,2026-03-03 04:08:00,+08:00,Nina,4649,ZZ,foxtrot
EVT-12032,2026-03-02 10:17:00,+05:00,Uma,1992,AB,papa
EVT-12627,2026-03-02 09:10:00,-05:00,Chris,2457,AC,delta
EVT-12055,2026-03-01 15:59:00,-11:00,Uma,3050,BA,oscar
EVT-12073,2026-03-02 10:26:00,-11:00,Marek,2100,CB,hotel
EVT-12205,2026-03-01 23:27:00,-11:00,Alice,4377,AB,papa
EVT-12250,2026-03-02 13:13:00,+08:00,Tomas,3732,BA,oscar
EVT-12425,2026-03-02 11:32:00,+02:00,Chris,2959,BA,papa
EVT-12537,2026-03-02 17:16:00,-03:00,Nina,1104,ZZ,papa
EVT-12026,2026-03-01 09:31:00,-08:00,Chris,1663,AC,juliet
EVT-12004,2026-03-01 09:07:00,-08:00,Olivia,2697,AC,juliet
EVT-12225,2026-03-01 15:48:00,-03:00,Alice,3979,CB,oscar
EVT-12410,2026-03-02 03:10:00,+08:00,Marek,2516,CB,mike
EVT-12718,2026-03-03 07:56:00,+08:00,Uma,2100,AA,papa
EVT-12599,2026-03-02 00:24:00,+01:00,Brian,761,AB,india
EVT-12407,2026-03-02 04:28:00,+05:00,Nina,1089,AA,alpha
EVT-12088,2026-03-02 09:33:00,+02:00,Chris,3952,AB,lima
EVT-12447,2026-03-02 02:27:00,-05:00,Tomas,475,ZZ,delta
EVT-12752,2026-03-02 14:37:00,+05:00,Brian,2415,AC,papa
EVT-8006,2026-03-01 06:18:00,-05:00,Ema,742,AB,timeline 
EVT-12352,2026-03-02 05:59:00,-11:00,Nina,1267,BA,alpha
EVT-12635,2026-03-01 14:02:00,-08:00,Brian,4163,CB,oscar
EVT-8014,2026-03-01 15:02:00,+02:00,Uma,798,AB,That 
EVT-12136,2026-03-02 09:59:00,+02:00,Chris,2108,BA,hotel
EVT-12622,2026-03-03 07:23:00,+08:00,Ian,2221,AB,kilo
EVT-12060,2026-03-01 23:47:00,+08:00,Chris,2264,ZZ,lima
EVT-12381,2026-03-01 03:02:00,-11:00,Ema,3473,ZZ,delta
EVT-12413,2026-03-02 15:49:00,+10:00,Tomas,530,AB,india
EVT-12753,2026-03-03 02:38:00,+02:00,Peter,4169,ZZ,foxtrot
EVT-12480,2026-03-01 20:39:00,+10:00,Ian,1004,ZZ,bravo
EVT-12441,2026-03-02 12:30:00,+08:00,Peter,457,AA,oscar
EVT-12511,2026-03-02 04:47:00,-05:00,Brian,3102,AC,hotel
EVT-12155,2026-03-02 05:05:00,+01:00,Nina,3183,AA,hotel
EVT-12744,2026-03-01 23:33:00,-05:00,Brian,2906,BA,november
EVT-8016,2026-03-01 08:28:00,-05:00,Ema,812,AB,be 
EVT-12461,2026-03-02 18:06:00,+10:00,Ian,2788,AB,oscar
EVT-12002,2026-03-01 15:39:00,-03:00,Olivia,2937,AB,alpha
EVT-12638,2026-03-02 08:01:00,-05:00,Alice,2683,AA,oscar
EVT-12582,2026-03-02 02:30:00,-08:00,Uma,2555,CB,hotel
EVT-12734,2026-03-01 20:23:00,-03:00,Nina,3054,BA,kilo
EVT-12556,2026-03-01 17:25:00,-03:00,Nina,2750,BA,oscar
EVT-12079,2026-03-02 15:48:00,+05:00,Nina,645,BA,bravo
EVT-12664,2026-03-02 08:56:00,-11:00,Marek,1292,BA,lima
EVT-12759,2026-03-01 06:00:00,-11:00,Uma,4736,AB,juliet
EVT-12442,2026-03-02 06:49:00,+02:00,Alice,3631,AC,lima
EVT-12221,2026-03-02 16:20:00,+05:00,Ian,5181,AA,bravo
EVT-12688,2026-03-02 12:04:00,+01:00,Chris,3981,ZZ,lima
EVT-12126,2026-03-02 04:38:00,-08:00,Peter,3667,BA,india
EVT-12339,2026-03-02 12:02:00,+08:00,Brian,4578,AB,kilo
EVT-12068,2026-03-02 05:50:00,+05:00,Brian,4575,BA,november
EVT-12521,2026-03-02 19:14:00,-03:00,Ema,1396,AA,charlie
EVT-12297,2026-03-01 19:18:00,+02:00,Peter,327,AA,bravo
EVT-12188,2026-03-03 07:17:00,+08:00,Chris,2843,ZZ,echo
EVT-12629,2026-03-02 01:56:00,-11:00,Peter,5002,AC,bravo
EVT-12175,2026-03-02 19:26:00,+00:00,Brian,2619,BA,november
EVT-8025,2026-03-02 01:25:00,+10:00,Alice,875,AB,work. 
EVT-12501,2026-03-02 14:00:00,-03:00,Chris,3847,BA,alpha
EVT-12380,2026-03-01 11:16:00,-03:00,Brian,3326,AA,echo
EVT-12342,2026-03-02 01:25:00,+02:00,Marek,2891,ZZ,mike
EVT-12560,2026-03-02 06:30:00,+10:00,Chris,5176,CB,kilo
EVT-12610,2026-03-02 07:31:00,+05:00,Nina,4632,BA,alpha
EVT-12148,2026-03-01 13:41:00,-03:00,Peter,359,AC,oscar
EVT-12077,2026-03-01 04:30:00,-11:00,Tomas,4400,BA,delta
EVT-12725,2026-03-02 21:15:00,+02:00,Olivia,2187,AB,charlie
EVT-12324,2026-03-02 05:03:00,+08:00,Ian,2134,AC,golf
EVT-12723,2026-03-02 04:31:00,+02:00,Tomas,4677,BA,lima
EVT-12492,2026-03-02 09:54:00,-05:00,Uma,4470,AB,alpha
EVT-8026,2026-03-01 10:38:00,-05:00,Ema,882,AB,The 
EVT-12716,2026-03-01 19:26:00,+00:00,Nina,3944,AB,foxtrot
EVT-12101,2026-03-01 10:48:00,-08:00,Brian,4045,ZZ,delta
EVT-12057,2026-03-02 04:38:00,+10:00,Brian,4144,BA,oscar
EVT-12731,2026-03-01 17:18:00,+00:00,Marek,421,AB,mike
EVT-12387,2026-03-02 09:58:00,-05:00,Ema,1826,ZZ,delta
EVT-12608,2026-03-02 07:23:00,-11:00,Nina,4836,BA,kilo
EVT-12051,2026-03-01 14:31:00,+00:00,Tomas,2529,AB,kilo
EVT-12302,2026-03-02 00:02:00,+00:00,Ema,4022,ZZ,india
EVT-12421,2026-03-01 23:56:00,+00:00,Brian,983,AC,lima
EVT-12159,2026-03-01 10:23:00,-11:00,Alice,368,AB,india
EVT-12323,2026-03-01 22:43:00,+02:00,Marek,4366,AB,echo
EVT-12561,2026-03-02 17:03:00,+01:00,Ema,4573,ZZ,hotel
EVT-12572,2026-03-01 20:43:00,+05:00,Olivia,3975,CB,oscar
EVT-12071,2026-03-02 04:34:00,+00:00,Peter,3974,BA,echo
EVT-8031,2026-03-01 21:43:00,+05:00,Ema,917,AB,Good 
EVT-8009,2026-03-01 03:57:00,-08:00,Uma,763,AB,flag 
EVT-12259,2026-03-01 22:30:00,-05:00,Tomas,1200,AB,bravo
EVT-12305,2026-03-02 10:28:00,+08:00,Tomas,3400,ZZ,oscar
EVT-12379,2026-03-02 04:49:00,-05:00,Tomas,940,CB,foxtrot
EVT-12065,2026-03-02 02:20:00,+10:00,Peter,364,AA,alpha
EVT-12640,2026-03-02 13:44:00,+02:00,Ian,1658,AB,india
EVT-12562,2026-03-02 11:14:00,-05:00,Tomas,521,ZZ,foxtrot
EVT-12312,2026-03-02 19:24:00,+05:00,Nina,3757,AA,hotel
EVT-12229,2026-03-02 16:00:00,-05:00,Ian,4498,CB,papa
EVT-12172,2026-03-02 21:22:00,+02:00,Ian,3851,CB,papa
EVT-12526,2026-03-01 18:20:00,+08:00,Brian,4238,AB,kilo
EVT-12382,2026-03-03 03:39:00,+08:00,Nina,4026,AB,bravo
EVT-12446,2026-03-02 07:19:00,+05:00,Ian,2890,ZZ,papa
EVT-12329,2026-03-02 08:01:00,+02:00,Uma,4307,AC,echo
EVT-12703,2026-03-02 04:38:00,-03:00,Olivia,3309,CB,hotel
EVT-12021,2026-03-01 21:23:00,+08:00,Tomas,3397,AC,charlie
EVT-12630,2026-03-02 03:21:00,-11:00,Brian,4657,BA,echo
EVT-12059,2026-03-02 15:39:00,+00:00,Uma,1050,AC,bravo
EVT-12395,2026-03-02 00:55:00,+01:00,Ian,985,CB,charlie
EVT-12292,2026-03-01 04:09:00,-11:00,Tomas,1048,ZZ,mike
EVT-12617,2026-03-02 02:50:00,-08:00,Nina,4136,ZZ,echo
EVT-12742,2026-03-01 10:34:00,-11:00,Ian,3691,AA,kilo
EVT-12367,2026-03-01 15:45:00,-05:00,Ian,460,CB,golf
EVT-12058,2026-03-02 09:08:00,-03:00,Alice,4380,AB,india
EVT-12244,2026-03-02 06:32:00,+01:00,Tomas,1015,BA,november
EVT-12438,2026-03-01 12:51:00,-08:00,Olivia,3013,AB,hotel
EVT-12151,2026-03-01 23:39:00,+05:00,Ema,2006,AA,november
EVT-12006,2026-03-01 22:53:00,+05:00,Peter,2783,AA,charlie
EVT-12498,2026-03-02 00:29:00,-11:00,Olivia,4651,BA,delta
EVT-12473,2026-03-01 12:16:00,-11:00,Brian,2598,BA,mike
EVT-12362,2026-03-02 20:21:00,+05:00,Brian,890,AA,bravo
EVT-12354,2026-03-03 00:10:00,+00:00,Olivia,1949,AC,charlie
EVT-12176,2026-03-02 08:29:00,-11:00,Ema,3779,AA,november
EVT-12238,2026-03-01 06:30:00,-05:00,Brian,1940,AC,hotel
EVT-12637,2026-03-01 14:09:00,-03:00,Olivia,4976,ZZ,mike
EVT-12468,2026-03-01 06:51:00,-08:00,Marek,1079,AB,papa
EVT-12080,2026-03-03 00:25:00,+08:00,Chris,4604,CB,echo
EVT-12187,2026-03-02 02:03:00,+05:00,Brian,1776,AB,alpha
EVT-12169,2026-03-01 17:06:00,+05:00,Uma,1830,BA,juliet
EVT-12372,2026-03-02 08:48:00,-05:00,Olivia,667,BA,juliet
EVT-12427,2026-03-01 07:37:00,-08:00,Ema,2252,AC,juliet
EVT-12106,2026-03-02 17:47:00,-08:00,Uma,3946,AB,charlie
EVT-12650,2026-03-01 10:52:00,+00:00,Brian,1704,AB,alpha
EVT-12298,2026-03-03 00:21:00,+05:00,Uma,1128,AB,november
EVT-12157,2026-03-01 21:39:00,-05:00,Olivia,540,ZZ,mike
EVT-8008,2026-03-01 19:44:00,+08:00,Olivia,756,AB,The 
EVT-12491,2026-03-02 01:38:00,+02:00,Marek,3938,CB,alpha
EVT-12282,2026-03-01 10:33:00,-11:00,Peter,1646,AC,delta
EVT-12213,2026-03-02 01:12:00,-08:00,Nina,2998,AA,india
EVT-12037,2026-03-01 21:11:00,+01:00,Ian,2423,AC,hotel
EVT-12178,2026-03-01 03:41:00,-08:00,Peter,1526,AA,alpha
EVT-12310,2026-03-01 05:27:00,-11:00,Ian,4833,AB,golf
EVT-12533,2026-03-02 08:31:00,-08:00,Marek,3656,AC,india
EVT-12247,2026-03-01 07:36:00,-03:00,Ian,1051,BA,golf
EVT-8021,2026-03-01 19:33:00,+05:00,Ema,847,AB,kept 
EVT-12092,2026-03-02 12:12:00,+02:00,Uma,1996,ZZ,november
EVT-12110,2026-03-01 19:43:00,+00:00,Uma,2141,ZZ,foxtrot
EVT-12376,2026-03-01 16:06:00,+00:00,Olivia,1713,AB,lima
EVT-12137,2026-03-01 16:04:00,+01:00,Nina,990,ZZ,echo
EVT-12341,2026-03-02 08:01:00,+01:00,Uma,4416,ZZ,oscar
EVT-12327,2026-03-03 09:30:00,+10:00,Ian,3399,BA,foxtrot
EVT-12351,2026-03-02 22:04:00,+05:00,Alice,4636,CB,india
EVT-12078,2026-03-02 12:53:00,+08:00,Peter,1332,CB,hotel
EVT-12370,2026-03-01 12:16:00,-05:00,Marek,2178,ZZ,lima
EVT-12393,2026-03-02 08:03:00,-05:00,Alice,2046,AA,hotel
EVT-12293,2026-03-02 11:28:00,-05:00,Alice,2512,AA,juliet
EVT-12083,2026-03-02 18:24:00,+01:00,Marek,3363,BA,oscar
EVT-12429,2026-03-01 10:31:00,-05:00,Ian,2528,BA,echo
EVT-12636,2026-03-01 05:23:00,-05:00,Nina,466,AB,bravo
EVT-12474,2026-03-02 02:23:00,-11:00,Peter,2817,BA,oscar
EVT-12219,2026-03-02 11:51:00,+00:00,Ian,4249,CB,golf
EVT-12609,2026-03-01 20:24:00,+00:00,Tomas,802,AC,hotel
EVT-12497,2026-03-01 09:50:00,-11:00,Peter,631,AC,bravo
EVT-8029,2026-03-01 08:17:00,-08:00,Uma,903,AB,is 
EVT-12184,2026-03-02 01:38:00,+02:00,Chris,1353,AB,bravo
EVT-12043,2026-03-02 17:49:00,+08:00,Ema,582,AA,november
EVT-12360,2026-03-02 20:01:00,+02:00,Tomas,1700,AC,golf
EVT-12621,2026-03-01 22:35:00,-03:00,Ema,4766,AC,november
EVT-12403,2026-03-01 07:05:00,-03:00,Olivia,3955,AC,golf
EVT-12145,2026-03-01 21:38:00,+10:00,Chris,2411,AC,bravo
EVT-12374,2026-03-02 02:40:00,+08:00,Uma,3898,AB,alpha
EVT-12431,2026-03-01 23:06:00,+00:00,Peter,3341,AB,foxtrot
EVT-12158,2026-03-02 17:32:00,-08:00,Ema,5114,AB,oscar
EVT-12204,2026-03-02 22:20:00,+05:00,Ema,1819,AA,echo
EVT-12152,2026-03-02 22:51:00,+08:00,Tomas,1998,ZZ,india
EVT-12358,2026-03-01 02:06:00,-11:00,Marek,2968,CB,kilo
EVT-12291,2026-03-02 20:54:00,-03:00,Olivia,728,ZZ,delta
EVT-12475,2026-03-03 02:17:00,+08:00,Nina,1508,BA,india
EVT-12009,2026-03-02 06:11:00,-03:00,Ian,2420,AA,hotel
EVT-12315,2026-03-01 02:27:00,-11:00,Ema,1365,ZZ,bravo
EVT-12147,2026-03-01 16:13:00,+01:00,Uma,1596,AC,bravo
EVT-12348,2026-03-02 10:05:00,-08:00,Uma,3826,AC,echo
EVT-12320,2026-03-01 23:40:00,+01:00,Ema,4525,AA,alpha
EVT-12118,2026-03-02 09:08:00,+10:00,Alice,2452,AA,november
EVT-12559,2026-03-02 08:40:00,+02:00,Uma,1358,ZZ,alpha
EVT-12195,2026-03-01 06:48:00,-08:00,Ian,3524,AC,charlie
EVT-12736,2026-03-02 10:23:00,-05:00,Nina,3122,AC,hotel
EVT-8007,2026-03-01 12:31:00,+01:00,Ian,749,AB,together. 
EVT-12121,2026-03-01 12:29:00,-05:00,Uma,4746,AC,juliet
EVT-12669,2026-03-01 20:17:00,+10:00,Ian,1068,AA,foxtrot
EVT-12569,2026-03-02 02:01:00,-03:00,Alice,2480,AA,bravo
EVT-12389,2026-03-01 15:31:00,+05:00,Alice,4335,AB,charlie
EVT-12356,2026-03-02 03:47:00,-11:00,Marek,2330,ZZ,mike
EVT-12378,2026-03-01 13:11:00,+02:00,Nina,4717,BA,juliet
EVT-12656,2026-03-01 12:26:00,+01:00,Marek,4463,CB,foxtrot
EVT-12673,2026-03-01 20:03:00,-03:00,Uma,977,AA,november
EVT-8033,2026-03-01 14:09:00,-03:00,Olivia,931,AB,with 
EVT-12585,2026-03-01 08:31:00,-05:00,Brian,3005,CB,golf
EVT-12385,2026-03-02 14:20:00,+00:00,Marek,959,AC,lima
EVT-12020,2026-03-02 03:43:00,-08:00,Marek,4486,AC,foxtrot
EVT-12104,2026-03-01 02:36:00,-11:00,Olivia,2830,ZZ,lima
EVT-12224,2026-03-03 04:50:00,+10:00,Nina,2536,BA,golf
EVT-12294,2026-03-01 05:47:00,-05:00,Tomas,2070,ZZ,golf
EVT-12357,2026-03-02 14:17:00,+10:00,Chris,4812,AC,oscar
EVT-12239,2026-03-02 09:00:00,+01:00,Tomas,4501,AC,foxtrot
EVT-12605,2026-03-03 04:30:00,+08:00,Ema,3457,BA,oscar
EVT-12745,2026-03-02 20:00:00,-05:00,Brian,2517,AB,alpha
EVT-12589,2026-03-03 01:34:00,+01:00,Marek,1702,BA,papa
EVT-12739,2026-03-02 09:59:00,+10:00,Peter,921,CB,alpha
EVT-12251,2026-03-02 15:04:00,+02:00,Nina,4350,CB,papa
EVT-12426,2026-03-03 00:23:00,+05:00,Brian,2556,AA,golf
EVT-12448,2026-03-02 14:26:00,-05:00,Ema,2932,AA,kilo
EVT-12489,2026-03-02 03:22:00,-08:00,Nina,4871,AA,bravo
EVT-12125,2026-03-02 01:03:00,-08:00,Ema,4950,BA,india
EVT-12011,2026-03-03 00:10:00,+05:00,Chris,4113,AA,india
EVT-12267,2026-03-01 13:25:00,+00:00,Ema,3916,AC,papa
EVT-12217,2026-03-01 16:43:00,-05:00,Nina,4488,AB,bravo
EVT-12613,2026-03-02 06:21:00,-11:00,Alice,4249,AC,echo
EVT-12129,2026-03-02 23:24:00,+02:00,Ema,1636,BA,oscar
EVT-8013,2026-03-01 09:49:00,-03:00,Olivia,791,AB,electricity. 
EVT-12116,2026-03-01 18:47:00,-08:00,Ema,4971,AC,india
EVT-12676,2026-03-02 14:15:00,+02:00,Tomas,3933,ZZ,foxtrot
EVT-12690,2026-03-02 17:43:00,+10:00,Brian,3059,AC,bravo
EVT-12681,2026-03-02 03:55:00,-08:00,Alice,1267,AC,hotel
EVT-12363,2026-03-02 14:08:00,+10:00,Alice,3816,AA,alpha
EVT-12034,2026-03-03 04:26:00,+08:00,Olivia,4165,BA,delta
EVT-12743,2026-03-02 21:43:00,-03:00,Peter,3022,CB,india
EVT-12509,2026-03-03 00:50:00,+08:00,Nina,1170,BA,november
EVT-8018,2026-03-01 21:54:00,+08:00,Olivia,826,AB,simple. 
EVT-12281,2026-03-02 13:33:00,-11:00,Brian,4439,AA,alpha
EVT-12415,2026-03-01 22:32:00,+02:00,Alice,2302,CB,juliet
EVT-12216,2026-03-02 10:10:00,+02:00,Uma,3270,AC,oscar
EVT-12593,2026-03-03 09:47:00,+10:00,Olivia,4862,BA,charlie
EVT-12228,2026-03-02 12:52:00,-08:00,Olivia,2660,CB,india
EVT-12361,2026-03-02 06:29:00,+01:00,Nina,4703,CB,lima
EVT-12435,2026-03-01 18:11:00,-11:00,Ian,362,CB,oscar
EVT-12666,2026-03-01 09:35:00,-05:00,Brian,1291,AC,november
EVT-12222,2026-03-02 06:39:00,-03:00,Nina,3628,CB,lima
EVT-12366,2026-03-02 09:53:00,-11:00,Peter,1973,CB,foxtrot
EVT-12606,2026-03-01 07:05:00,-08:00,Ian,1455,CB,lima
EVT-12520,2026-03-02 04:31:00,-03:00,Tomas,921,ZZ,foxtrot
EVT-12411,2026-03-01 17:30:00,+00:00,Olivia,4026,ZZ,bravo
EVT-12612,2026-03-02 07:25:00,+08:00,Peter,4800,ZZ,alpha
EVT-12709,2026-03-02 01:07:00,+10:00,Uma,716,AB,charlie
EVT-12242,2026-03-02 03:34:00,+08:00,Tomas,2063,ZZ,alpha
EVT-8012,2026-03-01 01:36:00,-11:00,Ian,784,AB,not 
EVT-12365,2026-03-01 20:44:00,-03:00,Marek,1478,BA,papa
EVT-12272,2026-03-02 11:22:00,+01:00,Tomas,2828,AB,alpha
EVT-12555,2026-03-02 09:51:00,-05:00,Alice,1133,BA,bravo
EVT-12099,2026-03-01 23:32:00,+01:00,Uma,2960,AB,charlie
EVT-12015,2026-03-01 09:41:00,-11:00,Ian,2536,AB,golf
EVT-12558,2026-03-01 14:58:00,-05:00,Uma,325,AA,golf
EVT-12054,2026-03-01 15:47:00,-03:00,Brian,3580,AC,kilo
EVT-12256,2026-03-02 14:51:00,+00:00,Uma,4862,BA,golf
EVT-12237,2026-03-02 11:17:00,+02:00,Brian,4551,ZZ,oscar
EVT-12103,2026-03-02 08:35:00,-08:00,Brian,1836,BA,papa
EVT-12530,2026-03-01 15:44:00,-03:00,Marek,1015,AB,november
EVT-12654,2026-03-03 06:46:00,+08:00,Ian,2049,AB,bravo
EVT-12581,2026-03-01 23:01:00,-05:00,Ema,3234,CB,charlie
EVT-12114,2026-03-02 02:33:00,+05:00,Ian,5069,AA,charlie
EVT-12012,2026-03-02 17:26:00,+00:00,Ema,3368,CB,india
EVT-12452,2026-03-01 19:17:00,+00:00,Ian,831,AA,charlie
EVT-12590,2026-03-01 20:47:00,-08:00,Alice,4196,AA,juliet
EVT-12405,2026-03-02 22:26:00,+02:00,Marek,537,ZZ,oscar
EVT-12301,2026-03-02 00:48:00,-05:00,Tomas,2714,BA,alpha
EVT-12284,2026-03-02 07:30:00,+05:00,Chris,3468,AC,lima
EVT-12614,2026-03-02 23:46:00,+10:00,Tomas,5041,AC,charlie
EVT-12706,2026-03-02 00:08:00,+01:00,Brian,3832,AB,golf
EVT-12108,2026-03-02 14:28:00,-11:00,Uma,3705,BA,alpha
EVT-12131,2026-03-02 03:40:00,-05:00,Olivia,5200,AA,delta
EVT-12335,2026-03-03 10:22:00,+10:00,Alice,2460,AA,hotel
EVT-12756,2026-03-01 19:41:00,-05:00,Ema,4782,ZZ,alpha
EVT-12680,2026-03-02 13:57:00,-03:00,Uma,1567,ZZ,kilo
EVT-12160,2026-03-02 17:58:00,+00:00,Brian,1843,CB,oscar
EVT-12580,2026-03-02 16:15:00,+10:00,Olivia,1092,ZZ,lima
EVT-12713,2026-03-02 19:33:00,+05:00,Nina,1437,AC,lima
EVT-12424,2026-03-02 05:46:00,-05:00,Chris,4193,AA,foxtrot
EVT-12699,2026-03-01 20:39:00,-11:00,Nina,3460,AC,kilo
EVT-8035,2026-03-02 03:35:00,+10:00,Alice,945,AB,next 
EVT-12318,2026-03-01 19:55:00,+08:00,Marek,2006,AA,november
EVT-8036,2026-03-01 12:48:00,-05:00,Ema,952,AB,tasks.
EVT-12018,2026-03-01 19:11:00,-03:00,Chris,4378,AC,lima
EVT-8011,2026-03-01 17:23:00,+05:00,Ema,777,AB,definitely 
EVT-12651,2026-03-02 08:54:00,-08:00,Ema,1320,AC,lima
EVT-12164,2026-03-01 15:54:00,-08:00,Chris,3522,BA,alpha
EVT-12299,2026-03-02 08:19:00,+02:00,Marek,4662,AA,november
EVT-12226,2026-03-02 03:13:00,+08:00,Nina,3925,ZZ,kilo
EVT-12167,2026-03-02 07:13:00,-05:00,Olivia,1695,CB,charlie
EVT-12529,2026-03-02 22:36:00,+10:00,Nina,4602,CB,kilo
EVT-12504,2026-03-02 06:32:00,-05:00,Chris,3955,AC,papa
EVT-12211,2026-03-03 02:08:00,+10:00,Tomas,2426,BA,mike
EVT-12045,2026-03-02 16:00:00,+05:00,Nina,715,CB,papa
EVT-12653,2026-03-02 13:22:00,-05:00,Brian,3604,AA,mike
EVT-12262,2026-03-01 18:55:00,+01:00,Uma,5150,AA,hotel
EVT-12265,2026-03-01 17:33:00,-03:00,Nina,2549,AB,juliet
EVT-12738,2026-03-01 17:59:00,-05:00,Brian,3897,AC,lima
EVT-12455,2026-03-01 19:52:00,+08:00,Nina,1287,AA,juliet
EVT-12466,2026-03-02 16:57:00,+00:00,Tomas,2918,AC,golf
EVT-12033,2026-03-02 15:06:00,-03:00,Marek,745,ZZ,alpha
EVT-12696,2026-03-02 10:02:00,-08:00,Ian,3990,AC,charlie
EVT-12388,2026-03-02 16:15:00,+10:00,Marek,3005,AB,alpha
EVT-12544,2026-03-02 08:33:00,+01:00,Tomas,1812,ZZ,foxtrot
EVT-12180,2026-03-02 23:59:00,+08:00,Nina,1693,BA,papa
EVT-12115,2026-03-02 15:17:00,+10:00,Tomas,1204,AB,mike
EVT-12576,2026-03-02 02:20:00,-11:00,Ian,1039,CB,oscar
EVT-12515,2026-03-02 17:34:00,-03:00,Peter,3932,ZZ,november
EVT-12623,2026-03-02 21:13:00,+05:00,Peter,2271,CB,alpha
EVT-12322,2026-03-02 07:02:00,+02:00,Uma,4155,AC,india
EVT-12001,2026-03-02 09:22:00,+08:00,Marek,1109,AC,hotel
EVT-12162,2026-03-01 06:56:00,-08:00,Ian,501,AB,papa
EVT-12536,2026-03-02 03:24:00,-08:00,Ema,763,BA,india
EVT-12662,2026-03-01 19:33:00,+02:00,Alice,1023,AC,lima
EVT-12611,2026-03-01 07:18:00,-11:00,Alice,1935,BA,oscar
EVT-12386,2026-03-01 22:39:00,+00:00,Uma,2858,CB,alpha
EVT-12705,2026-03-01 19:56:00,-05:00,Uma,3515,AB,lima
EVT-12449,2026-03-02 11:44:00,+08:00,Ema,3998,BA,kilo
EVT-12416,2026-03-02 00:19:00,+02:00,Ema,3138,AA,india
EVT-8004,2026-03-01 12:52:00,+02:00,Uma,728,AB,put 
EVT-12049,2026-03-01 03:48:00,-11:00,Ian,2398,CB,bravo
EVT-12062,2026-03-02 13:25:00,+10:00,Tomas,4107,AA,hotel
EVT-12089,2026-03-02 01:28:00,+01:00,Alice,1528,CB,bravo
EVT-12246,2026-03-01 19:07:00,+01:00,Ian,4777,AB,delta
EVT-12451,2026-03-02 23:17:00,+02:00,Marek,2844,AA,kilo
EVT-12406,2026-03-02 18:17:00,+00:00,Uma,4863,CB,kilo
EVT-12140,2026-03-02 06:39:00,-03:00,Ema,3159,AC,india
EVT-12230,2026-03-02 13:26:00,+05:00,Tomas,4171,ZZ,juliet
EVT-12710,2026-03-02 18:31:00,-03:00,Brian,4650,AC,oscar
EVT-12694,2026-03-03 00:13:00,+00:00,Uma,1945,ZZ,india
EVT-12025,2026-03-01 19:44:00,+05:00,Marek,3510,AB,golf
EVT-12642,2026-03-01 16:43:00,-05:00,Tomas,3617,CB,mike
EVT-12017,2026-03-01 14:29:00,+02:00,Ema,4611,AA,charlie
EVT-12143,2026-03-01 03:16:00,-11:00,Nina,4431,CB,alpha
EVT-12701,2026-03-01 11:17:00,+01:00,Peter,2359,ZZ,oscar
EVT-12472,2026-03-02 19:00:00,+00:00,Chris,751,CB,hotel
EVT-12353,2026-03-01 14:20:00,-05:00,Brian,787,BA,mike
EVT-12087,2026-03-02 10:47:00,-05:00,Olivia,710,ZZ,golf
EVT-12150,2026-03-01 12:29:00,-08:00,Ian,657,BA,india
EVT-12443,2026-03-03 00:48:00,+08:00,Brian,400,AA,mike
EVT-12319,2026-03-02 09:48:00,+05:00,Chris,3713,BA,india
EVT-12235,2026-03-02 00:14:00,-03:00,Ian,3295,AA,kilo
EVT-12165,2026-03-01 20:15:00,-03:00,Ian,2500,CB,lima
EVT-12549,2026-03-02 14:08:00,+02:00,Marek,2802,AC,mike
EVT-12602,2026-03-02 07:07:00,-11:00,Ema,1462,AC,charlie
EVT-12295,2026-03-02 04:43:00,-11:00,Peter,4380,BA,charlie
EVT-12030,2026-03-02 09:59:00,+00:00,Ian,3851,BA,juliet
EVT-12573,2026-03-01 17:09:00,-08:00,Ian,2110,BA,oscar
EVT-12303,2026-03-02 10:27:00,+01:00,Tomas,2779,AA,november
EVT-12453,2026-03-02 16:51:00,+00:00,Chris,4392,BA,hotel
EVT-12715,2026-03-01 05:41:00,-05:00,Ian,2309,AC,foxtrot
EVT-12712,2026-03-02 23:42:00,+10:00,Ema,2439,AC,oscar
EVT-12419,2026-03-02 05:10:00,+08:00,Chris,1741,AC,alpha
EVT-12197,2026-03-02 02:46:00,+10:00,Uma,2813,BA,bravo
EVT-12260,2026-03-02 14:54:00,-08:00,Nina,4145,AB,delta
EVT-12067,2026-03-02 17:50:00,+01:00,Peter,2398,CB,alpha
EVT-12039,2026-03-01 08:42:00,-05:00,Olivia,4069,AA,papa
EVT-12541,2026-03-01 20:48:00,-05:00,Marek,919,CB,oscar
EVT-12408,2026-03-02 12:04:00,+00:00,Olivia,4500,ZZ,delta
EVT-12056,2026-03-02 07:32:00,+00:00,Brian,3091,AB,november
EVT-12398,2026-03-01 18:46:00,+00:00,Brian,4801,CB,foxtrot
EVT-12206,2026-03-02 00:24:00,+10:00,Marek,5025,ZZ,alpha
EVT-12163,2026-03-02 13:55:00,+10:00,Uma,2884,AC,kilo
EVT-12028,2026-03-03 02:43:00,+05:00,Olivia,4858,BA,bravo
EVT-12749,2026-03-01 23:19:00,+01:00,Brian,2342,CB,foxtrot
EVT-12347,2026-03-01 14:37:00,-05:00,Marek,3440,AA,foxtrot
EVT-12557,2026-03-02 00:54:00,-03:00,Ian,2904,AA,delta
EVT-12595,2026-03-01 22:34:00,-11:00,Marek,622,AB,bravo
EVT-12600,2026-03-02 07:48:00,-03:00,Nina,4132,CB,india
EVT-12377,2026-03-02 20:10:00,+00:00,Peter,2133,ZZ,kilo
EVT-12674,2026-03-01 15:11:00,-05:00,Brian,1272,CB,kilo
EVT-12182,2026-03-02 17:07:00,+00:00,Brian,847,ZZ,mike
EVT-12459,2026-03-01 17:43:00,+02:00,Ema,5120,ZZ,golf
EVT-12038,2026-03-02 00:39:00,+08:00,Chris,762,AC,charlie
EVT-12563,2026-03-01 08:07:00,-05:00,Chris,4469,AA,mike
EVT-12132,2026-03-01 23:50:00,-03:00,Peter,798,AB,india
EVT-12591,2026-03-01 13:25:00,+00:00,Tomas,425,AA,golf
EVT-12423,2026-03-02 09:15:00,-05:00,Alice,3386,AA,india
EVT-12249,2026-03-01 19:57:00,+02:00,Chris,1266,BA,delta
EVT-12728,2026-03-01 17:59:00,-03:00,Alice,2463,CB,hotel
EVT-12437,2026-03-01 21:45:00,+02:00,Peter,3343,CB,papa
EVT-12493,2026-03-02 21:17:00,+00:00,Tomas,4656,CB,alpha
EVT-12186,2026-03-03 06:11:00,+08:00,Chris,1192,AC,kilo
EVT-12539,2026-03-01 12:29:00,-03:00,Nina,3171,AB,golf
EVT-12566,2026-03-03 02:54:00,+05:00,Uma,1730,AB,india
EVT-12279,2026-03-02 04:03:00,+00:00,Ian,2677,CB,lima
EVT-12586,2026-03-02 00:43:00,+08:00,Ema,2724,AA,delta
EVT-12577,2026-03-02 16:19:00,+00:00,Brian,3872,ZZ,juliet
EVT-12253,2026-03-02 04:38:00,+01:00,Tomas,2851,BA,juliet
EVT-12524,2026-03-02 01:18:00,-05:00,Marek,3971,AB,november
EVT-12506,2026-03-02 11:27:00,-05:00,Chris,1116,AC,bravo
EVT-12485,2026-03-01 23:57:00,+00:00,Marek,1176,CB,oscar
EVT-12735,2026-03-03 01:16:00,+05:00,Uma,3835,AB,juliet
EVT-12199,2026-03-02 10:26:00,-08:00,Marek,4189,AB,echo
EVT-12036,2026-03-01 15:14:00,+00:00,Brian,3689,AC,delta
EVT-12400,2026-03-01 17:17:00,-03:00,Brian,2771,AC,bravo
EVT-12181,2026-03-01 19:36:00,+00:00,Marek,1361,AA,foxtrot
EVT-12574,2026-03-02 15:18:00,+00:00,Ema,4125,AB,hotel
EVT-12633,2026-03-02 01:51:00,+08:00,Ema,3791,BA,alpha
EVT-12287,2026-03-02 10:07:00,+05:00,Alice,316,CB,juliet
EVT-12052,2026-03-02 01:40:00,-08:00,Marek,1283,BA,kilo
EVT-12271,2026-03-01 16:21:00,-05:00,Ian,5165,ZZ,delta
EVT-12177,2026-03-02 07:05:00,+05:00,Peter,1728,AB,india
EVT-12029,2026-03-01 13:37:00,+00:00,Ema,775,CB,bravo
EVT-12430,2026-03-01 07:35:00,-11:00,Marek,3395,CB,papa
EVT-8001,2026-03-01 15:13:00,+05:00,Ema,707,AB,we 
